url,text,group,time,reason,category,car_model
https://www.facebook.com/groups/mexevinfast/permalink/4184075965165173/,"... Đang đi xe VF mà buồn ngủ quá thì phải làm gì? Thì tấp vào chỗ an toàn, bật cắm trại, để điều hòa mát lạnh rồi đi ngủ chứ sao nữa ✅ Điện VIN trả nên ko phải lo 
Cre: Triệu Xuân Ninh",,2026-04-08T09:37:11.000Z,"Firsthand user tip/experience about using a VinFast VF feature (camping mode + AC) while on the road, mentioning practical use and reassurance about electricity cost—qualifies as a user experience/review.",Review,General EV
https://www.facebook.com/groups/Vinfast.Fan/permalink/1878865259333023/,"VF3 NGÂM NƯỚC (ngập tĩnh) tại Thái Nguyên 2 ngày nhưng mở Pin ra vẫn ngon 😜
👉 Nếu chạy có thể ""Thoát ngập"" thì xem link dưới còm 👇
#NgapNuoc
#VinFast
#EV
#XuHuong
#ReviewXe",,2025-10-19T02:44:17.000Z,Firsthand user experience: reports a VF3 submerged for 2 days with the battery still functioning and links to advice for driving out of flood — constitutes a user review/evaluation.,Review,VF3
https://www.facebook.com/groups/Vinfast.Fan/permalink/1878405226045693/,"Vài trăm xe có #ADAS thì bấm cái là chạy đều tăm tắp, nhàn tênh, mà đẹp cứ gọi là ĐỈNH (k cần kỹ năng lái xe, chỉ cần đọc #HDSD trc khi sài) ♥️🥰🇻🇳
#WonderTrip2025 #VinClub #VinFast #EV #XuHuong #ReviewXe",,2025-10-18T13:12:27.000Z,"User shares a firsthand experience/evaluation of VinFast vehicles' ADAS performance and ease of use (positive review/impression from an event), tagged as #VinFast and #ReviewXe.",Review,General EV
https://www.facebook.com/groups/mexevinfast/permalink/4182108678695235/,"Khoảnh khắc bóc túi mù VF8 ECO2025
Tối ưu phần mềm từ 465 lên 562 km luôn🥳
#vinfast #vf8 #vf8eco",,2026-04-06T05:23:31.000Z,"Người đăng chia sẻ trải nghiệm trực tiếp với VF8 ECO 2025 sau tối ưu phần mềm, ghi nhận quãng đường từ 465 km lên 562 km — dạng đánh giá/trải nghiệm người dùng.",Review,VF8
https://www.facebook.com/groups/mexevinfast/permalink/4180434635529306/,"Lâu lâu lỗi tí nhưng mà chạy không thua xe nào đâu🤣
#vinfast #vfe34 #vf5",,2026-04-04T10:17:58.000Z,User shares a personal driving experience and evaluation of VinFast vehicles (mentions occasional minor faults but overall performance comparable to other cars).,Review,General EV
https://www.facebook.com/groups/Vinfast.Fan/permalink/1866728220546727/,"50.000km trong 4 tháng thì trung bình 417km/ngày với 1 tài, lại đi từ VN xuyên Á, Âu, Phi rồi về bằng VF7. Và trước chuyến đi này a ấy Tattoo Full cả vùng kín luôn rồi Nguyễn Thanh Hải  😫🙃
Mới chỉ 9 tháng trc đây, a ấy cùng VF3 đã vượt 6.800km xuyên các nc Asean đi cổ vũ cho các đội VN thi đấu giải RFC 🎖️🏆
VF chuyển sang xe điện luôn lập những kỷ lục, các VFer chạy xe điện cũng chẳng kém cạnh luôn 🤩🥰🇻🇳
Của ít lòng nhiều, 1 đăng ký và xem trên Trà đá Ô tô cũng ok các b nhé ♥️
#Hot #VinFast #EV #ReviewXe #No1",,2025-10-05T06:53:40.000Z,"Post recounts real-world usage and long-distance trips with VinFast vehicles (VF7 and VF3), sharing driving experience, distances and praise—qualifies as a user review/experience.",Review,General EV
https://www.facebook.com/groups/mexevinfast/permalink/4180397605533009/,"Thay đổi chất lượng cuộc sống cùng xe điện: Từ bài toán kinh tế thực tế đến tâm lý được ""giải phóng""

Anh Triệu Tiến Chuẩn, một người làm kinh doanh tự do hiện đang sinh sống tại Hà Đông, đã quyết định chuyển sang sử dụng chiếc ô tô điện VinFast VF8 Plus từ cuối năm 2025. Sau gần 3 tháng cầm lái, những trải nghiệm thực tế của anh mang đến một lăng kính đa chiều và khách quan về việc sở hữu xe điện tại đô thị.

Không đơn thuần là câu chuyện về một phương tiện di chuyển với những tính năng công nghệ hiện đại, hành trình của anh Chuẩn làm nổi bật góc nhìn tỉnh táo về bài toán kinh tế, trải nghiệm vượt qua nỗi ám ảnh kẹt xe một cách ""văn minh"", và trên hết là tâm lý được giải phóng hoàn toàn khi chiếc xe thực sự phục vụ con người.

""Mình cứ nhảy lên xe điện mình đi thôi"": tạm biệt nỗi lo ""xót ví"", ô tô nay đã có thể thực sự phục vụ cuộc sống - Ảnh 1.
Góc nhìn tỉnh táo về bài toán kinh tế: Ngắn hạn vs Dài hạn

Khác với những lời tung hô mù quáng về mức độ siêu tiết kiệm của xe điện, anh Chuẩn lại có một góc nhìn phân tích rất thực tế và khách quan. Đánh giá về mặt dài hạn, anh thẳng thắn thừa nhận xe điện chưa chắc đã tiết kiệm hơn các dòng xe xăng truyền thống bền bỉ của Nhật Bản, nguyên nhân vì người dùng có thể sẽ phải tốn một khoản chi phí thay pin trong tương lai
https://m.genk.vn/minh-cu-nhay-len-xe-dien-minh-di-thoi-tam-biet-noi-lo-xot-vi-o-to-nay-da-co-the-thuc-su-phuc-vu-cuoc-song-165260403081937439.chn?cpa_tid=70TBELOGGI004NBT5FA1WYKQ71RYS1PXC5HN&dmn=s.biz.vn",,2026-04-04T09:16:14.000Z,"Firsthand user experience and evaluation of a VinFast VF8 Plus after nearly 3 months of driving, discussing economic trade-offs, driving experience, and lifestyle impact — fits the required review/test-drive category.",Review,VF8
https://www.facebook.com/groups/1327608917606129/permalink/2659633867736954/,"Tin nóng: Xăng lại tăng 📈

Mình đọc xong… quay ra cắm sạc 🔋🙂

Anh em tậu VF 3 chắc hiểu cảm giác này, free sạc 3 năm lo gì 😌",,2026-03-05T15:47:32.000Z,Author shares a personal user experience as a VF3 owner — reacting to rising gasoline prices by plugging in to charge and citing the 3-year free charging benefit. This is a firsthand user evaluation/experience of a VinFast EV.,Review,VF3
https://www.facebook.com/groups/1327608917606129/permalink/2643287522704922/,xe đi hết bảo hành 8 năm hư pin phải thay diễn viên mấy 100.000.000,,2026-02-16T10:13:45.000Z,User shares a firsthand ownership experience: after the car's 8-year warranty expired the battery failed and needed replacement costing several hundred million VND — a direct evaluation/complaint about the vehicle.,Review,General EV
https://www.facebook.com/groups/Vinfast.Fan/permalink/1857571528129063/,"#Văn_minh_an_toàn_đúng_Luật hơn #Khi_đi_ô_tô_điện_VF
Các dòng xe điện VF cao cấp, xuất cả Âu, Mỹ... nên cũng chất lượng hơn hẳn các xe lắp ráp, xuất ĐNÁ:
- Ng lái dù đi gần vẫn phải cài dây bảo hiểm (vì cắm chốt vẫn phải rút ra, k thì k tắt đc máy).
- Các vị trí khác nếu ngồi mà k thắt dây sẽ bị cảnh báo át cả nhạc.
- Gọi ĐT, nhắn tin qua lại, nghe ĐT hoàn toàn rảnh tay nhờ Android Auto hoặc Apple Carplay.
- Cảnh báo lệch làn.
- Adas...
👉 Tạo thành thói quen tốt khi TGGT!
#VinFast #EV #XuHướng #ReviewXe #AnToanGiaoThong",,2025-09-24T09:22:27.000Z,"Hands-on user review describing actual experience and observed features of VinFast EVs (seatbelt interlock, passenger seatbelt warnings, Android Auto/CarPlay hands-free use, lane-departure and ADAS features). No purchase request or technical support question.",Review,General EV
https://www.facebook.com/groups/mexevinfast/permalink/4178581662381270/,"""Mấy hôm nay thấy chị em nói nhiều về con Wuling Macaron sắp ra 5 cửa, tự nhiên mình lại nhớ tới lúc mua xe hồi trước.Hồi đó cũng đắn đo giữa mấy dòng xe điện mini, vì Wuling nhìn dễ thương thật, giá cũng mềm, option lại nhiều nhưng cuối cùng mình vẫn chọn VF3. Một phần vì nhìn tổng thể nó hiện đại hơn, không bị cảm giác “đồ chơi”, phần còn lại là câu chuyện trạm sạc.Phải nói thật là xe điện Trung Quốc thiết kế rất bắt mắt, hợp gu nữ, nhưng khi bắt đầu nghĩ đến việc sử dụng lâu dài, đặc biệt là đi xa, thì mới thấy vấn đề. Mình là kiểu có xe là thích đi, không chỉ loanh quanh trong phố mà còn chạy Đà Lạt, Vũng Tàu Phan Thiết các kiểu. Lúc đó mà trạm sạc không có sẵn thì khá bị động. Trong khi đó, hệ thống trạm sạc của VinFast phủ khá rộng, đi đâu cũng dễ tính toán hơn nên với mình, cảm giác yên tâm khi di chuyển vẫn là ưu tiên.Nếu ai hỏi mình lời khuyên chọn xe nào, mình k khuyên chọn VF 3 ngay mà hãy cân nhắc kỹ vấn đề sạc với nhu cầu đi lại. Nếu xác định xe đi nhiều cần trạm sạc ngoài thì VF 3, còn không thì cứ chọn theo sở thích.""",,2026-04-02T11:45:52.000Z,"First-hand ownership experience and evaluation: the author describes their purchase decision between Wuling Macaron and VinFast VF3, explains real-world usage needs (long trips to Đà Lạt, Vũng Tàu, Phan Thiết), and emphasizes the VinFast charging network as a decisive advantage—qualifies as a user review/testimonial.",Review,VF3
https://www.facebook.com/groups/mexevinfast/permalink/4178537782385658/,"Mấy nay nghe hội chị em kháo nhau con Wulling Macaron sắp về bản 5 cửa, tự nhiên nhớ tới quyết định rước bé Ba về lúc trước của e. Hồi đó cũng nhiều người hỏi sao k chọn Wulling giá rẻ hơn nhiều options, nhưng cuối cùng e chọn bé Ba thứ nhất vì ngoại hình đẹp hiện đại, cảm giác nó k sến với ""đồ chơi"" như Wulling, thứ 2 vì hệ thống trạm sạc.

Công nhận mấy con xe TQ nhìn dễ thương hợp gu chị em nhưng mà tìm trạm sạc là đỏ con mắt. Tính e có xe lại thích xách đi đây đi đó, đợt này lên ĐL r lại phóng ra Nha Trang Đà Nẵng, mà trạm sạc ít thì thân con gái không biết xoay trở thế nào. Chị em bạn bè hỏi lời khuyên nên chọn con xe nào, e k khuyên chọn VF 3 mà sẽ để mấy chị suy nghĩ kỹ về câu chuyện sạc. Nếu chấp nhận những rủi ro liên quan đến hạ tầng trạm sạc thì mấy chị cứ thoải mái chọn theo sở thích 😅😅",,2026-04-02T10:42:11.000Z,"First-hand user evaluation: author explains choosing 'bé Ba' (VF3) over Wuling, cites reasons (appearance, VinFast charging network), and recounts travel experiences and charging challenges on long trips; offers advice to friends about considering charging infrastructure.",Review,VF3
https://www.facebook.com/groups/1327608917606129/permalink/2589732654727076/,"""Bé 3"" nhà em chính thức nhập hội Noel rồi các bác ơi 🎅

Không cần decor cầu kỳ, chỉ gắn thêm mấy dây đèn + bộ sừng tuần lộc mà nhìn ẻm khác hẳn luôn. Decor cho ẻm xong là vợ tít mắt ngay =)))) Mà các bác có công nhận dáng vuông của VF 3 hợp lên mấy concept bánh bèo này nọ hok, nhìn hiện đại hok bị sến.",,2026-01-14T16:02:13.000Z,User shares a personal experience with their VF 3 (decorating it for Christmas) and offers a direct opinion about the vehicle's design/appearance — qualifies as a user review/experience.,Review,VF3
https://www.facebook.com/groups/1327608917606129/permalink/2596021674098174/,"Đánh giá từ góc nhìn người dùng: Những lựa chọn nổi bật tầm giá 750 triệu

Cá nhân đã chạy thử và dùng thử cả 2 con top đầu tầm giá 750tr, gồm:

- Xforce hiện đang dc quảng cáo là mẫu xe bán chạy nhất trong phân khúc B-SUV trong nhóm xe xăng

- Còn VF 6 thì cũng là top trong nhóm xe điện. 

Về tính chất thì 2 xe đều có những cái hay riêng, mình xin phép review dựa trên cảm nhận cá nhân: 

+ Về giá, Xforce lăn bánh đâu đó khoảng 739tr, còn VF 6 bản Eco kèm pin giá thấp hơn kha khá. Thời điểm này VF 6 có ưu đãi khá sâu, giảm thêm 80–90tr, lại còn 2 năm bảo hiểm, nên nhìn tổng chi phí ban đầu nhẹ hơn hẳn, nhất là với ai mua xe cuối năm

+ Đến chi phí nuôi xe thì xe điện đúng là tiết kiệm hơn xăng thấy rõ, nhất là chạy mỗi ngày. Đổi lại là phải quen với chuyện sạc pin. Xe xăng thì đơn giản, gần hết ghé cây xăng, 5p là xong. Xe điện mà để pin thấp thì hơi run, mỗi lần sạc mất tầm 30p, nhưng quen rồi thì coi như thời gian nghỉ ngơi, cf

+ Về không gian, mình nghiêng nhẹ về Xforce vì xe rộng rãi hơn, hàng ghế sau ngồi khá dễ chịu, nhất là nhà đông người hoặc có người lớn tuổi thì đi xa đỡ mệt. Còn với gia đình nhỏ 2 vợ chồng 2 con thì VF 6 vẫn đáp ứng tốt, xe gọn gàng, lại nhẹ bài toán chi phí.

+ Còn động cơ và trang bị thì mỗi xe có thế mạnh riêng. Xforce dùng máy xăng 1.5L MIVEC, vận hành quen thuộc, dễ sửa chữa và bảo dưỡng. Trong khi đó VF 6 mạnh và êm hơn hẳn, công suất 130kW, mô-men xoắn 250Nm, đạp ga lên xe rất mượt. Cả hai đều có ADAS, nhưng VF 6 cho cảm giác hiện đại và nhiều công nghệ hơn, hợp với ae thích trải nghiệm mới

+ Chạy thực tế thì Xforce cho cảm giác quen tay, gầm cao nên đi đường xấu hay về quê khá yên tâm. VF6 thì mạnh, êm, nhiều công nghệ, chạy phố rất nhàn, ADAS trợ lái, hợp đi làm hằng ngày, đưa đón con.

Tóm lại thì mỗi xe mạnh ở một mảng riêng, xe xăng có sân chơi riêng, xe điện cũng vậy, nên mình không so hơn thua. Quan trọng là mình đi kiểu gì thì chọn xe cho hợp, vậy thôi :))))",,2026-01-14T16:02:08.000Z,"Bài viết là đánh giá từ góc nhìn người dùng, có trải nghiệm chạy thử VF 6 (VinFast) và so sánh trực tiếp về giá, chi phí nuôi xe, cảm giác lái, không gian và trang bị/ADAS — nên phù hợp với tiêu chí review người dùng.",Review,VF6
https://www.facebook.com/groups/Vinfast.Fan/permalink/1850875732131976/,"Các Luxer thời kỳ đầu thường đổ thừa là ""Lốp VF đểu"" trong khi trên lốp đề rõ Continental, Michelin hoặc Good Year (do chưa từng sở hữu xe mâm to + lốp mỏng, chưa cần tính đến trọng lượng xe, mà lại thường xuyên để Lốp quá non) 😑
Hồi đó tôi có nói đùa là ""Nếu ai chứng minh đc chủng loại Lốp đấy là đểu thì cứ gửi cho Hãng Lốp đối thủ của Hãng đó là kiếm đc bộn tiền luôn rồi) 🤭
👉 TÓM LẠI: những thứ thuộc vật tư hao mòn thì thường k có Hãng nào bảo hành!
#Lux #VinFast #EV #ReviewXe #XuHuong",,2025-09-16T11:19:23.000Z,"Bài viết là nhận xét/đánh giá từ cộng đồng chủ xe Lux về vấn đề lốp và chính sách bảo hành (kinh nghiệm/quan sát người dùng), tức là một đánh giá trải nghiệm liên quan tới xe VinFast.",Review,General EV
https://www.facebook.com/groups/1327608917606129/permalink/2610160956017579/,"Vợ bảo thích SH nhưng chồng lại ""lỡ tay"" chốt luôn VF3. Giờ thì bà xã mê tít, bỏ luôn xe máy ở nhà các bác ạ 😜

Công nhận từ xe máy lên ô tô nó là một bầu trời khác hẳn. Đi đâu cũng mát mẻ, sạch sẽ, con cái ngồi trong xe an tâm hơn nhiều. Xe nhỏ gọn nên lề đường nào rộng chút là đỗ vô tư, đi phố cực tiện luôn.

Nhiều bác cứ lo xe điện khó sạc chứ em thấy trạm sạc giờ nhiều lắm. Như trường con nhà em ngay gần trụ sạc của Vin, chiều đón con tranh thủ cắm tí cho đầy bình. Đi từ lúc mua đến giờ chưa tốn đồng tiền xăng nào, bảo trì bảo dưỡng cũng chưa thấy phát sinh gì. Đúng là lựa chọn hợp lý nhất năm, vừa nhàn người lại vừa nhẹ túi tiền!",,2026-01-14T16:02:06.000Z,"First-hand user experience and positive review of a VinFast VF3, describing driving experience, parking, charging convenience, operating costs and family use.",Review,VF3
https://www.facebook.com/groups/1327608917606129/permalink/2609264976107177/,"Thú thật là mình không rành xe cộ, cũng không quan tâm mấy chuyện thương hiệu này kia. Mua VF3 đơn giản vì mình cần một chiếc xe dễ lái, an toàn hơn xe máy và không quá áp lực khi sử dụng.

Sau một thời gian chạy, cảm giác đầu tiên là yên tâm. Xe đi trong phố rất đầm, vô lăng nhẹ, đánh lái dễ. Mấy đoạn đường đông hay kẹt xe, VF3 xoay trở khá linh hoạt, không bị cồng kềnh. Với nữ thì mấy chuyện này quan trọng lắm, nên lúc mua xe mình luôn ưu tiên xe nào phải thật sự dễ đi 👍

Nhu cầu chủ yếu của mình chỉ là mỗi ngày đi làm, lâu lâu đi cà phê vs bạn bè hoặc chơi gần ngoại thành nên xe nhỏ như vậy là đủ dùng rồi, lại tiết kiệm kha khá tiền đổ xăng, chạy êm, ngồi lâu không mệt. Tuy nhiên mình thấy VF3 hợp nhất vẫn là đi trong nội đô, còn chạy tốc độ cao liên tục thì chị em nên cân nhắc kỹ.

Tổng thể thì với nhu cầu đi lại hằng ngày của một người làm văn phòng như mình, VF3 là một lựa chọn dễ dùng, dễ làm quen nên chị em nào đang có ý định sắm em này che nắng che mưa thì cứ cân nhắc đi nhé, có khi lại thành ""fan cứng"" giống mình ^^",,2026-01-11T02:18:24.000Z,"First-hand user review of VinFast VF3 describing driving experience, handling, comfort, use cases, and suitability for daily city commuting.",Review,VF3
https://www.facebook.com/groups/1327608917606129/permalink/2603458246687850/,"Ở đây có anh em nào từng chê xe điện nhưng cuối cùng lại dính vào xe điện như mình k ạ? 

Trước toàn nghĩ đi xe điện ham rẻ trước mắt, sau thấy ngoài đường chạy nhiều quá lại fomo. Dắt vợ con ra showroom lái thử VF 6, ai ngờ cả nhà dính luôn tới giờ.

Một vài điểm mình kết nhất ở VF 6 nhé: 

- Đầu tiên là cảm giác an toàn. Với một người đã có vợ con như mình thì tiêu chí an toàn vẫn luôn là ưu tiên hàng đầu. Đọc nhiều review, so sánh con này vs mấy bản xe xăng cùng phân khúc thì rõ ràng VF 6 dc trang bị nhiều ADAS hơn. Ai bảo ADAS cần gì nhiều chứ riêng mình thì lại thấy nó cực kỳ hữu ích cho mình cũng như vợ. Mấy tính năng giữ làn hay cảnh báo va chạm, giữ khoảng cách vs các xe đi trước coi vậy mà rất quan trọng, nhất là mỗi khi đưa xe vợ lái. Hệ thống cam360 hỗ trợ quét các biển báo tốc độ khi lên cao tốc và giữ tốc độ xe trong phạm vi cho phép cũng là một điểm cộng đáng kể. Đi xa thì ADAS trợ lái cũng đỡ mệt. 

- Thứ 2 là về tính tiện nghi và giao diện của con này. Tầm giá 700tr hơn thì con VF 6 chẳng thua bất kỳ con xe xăng nào về giao diện bên ngoài. Động cơ đầm êm, k tiếng rầm rú, lên ga mượt. Nhiều người phàn nàn phần ghế sau VF 6 chật ngồi lâu mệt, riêng khoảng này thì mình lại nghe vợ khen xe rộng thoải mái hơn con xe cũ, thằng nhóc con thì có vẻ ngủ ngon hơn.

- Thứ 3, cảm giác cầm lái sướng tay, khung gầm vững chắc. Lúc chạy thử ngoài showroom là mình đã khá ưng với ghế lái cũng như cảm giác khi cầm vào vô lăng, rất chắc tay và êm.

Điểm trừ thì cũng nói thẳng: sạc xe thì không tốn mấy nhưng lần nào sạc là cả nhà lại kéo nhau vô TTTM ăn uống, mua sắm. Tiền nuôi xe ko thấy mà chỉ thấy toàn tiền cafe siêu thị =))))) Công bằng mà nói thì mình thấy điểm bất tiện nhất chắc chỉ có việc phải chờ sạc xe, hôm nào thong thả thì 30p đấy dạo chơi hay lướt điện thoại, còn mấy hôm mà vội thì thôi xác định. Nên dần mình phải tập thói quen canh sạc trước, giống canh pin điện thoại vậy. 

Bài viết hơi dài, mong cộng đồng mạng có điểm gì cần lưu ý thì nhẹ nhàng cho mình xin nhá 😄😄😄",,2026-01-04T07:05:35.000Z,"First‑hand user review and driving experience of VinFast VF6 detailing pros (ADAS/safety, comfort, driving feel) and cons (charging wait, lifestyle impact). This is a detailed hands-on evaluation.",Review,VF6
https://www.facebook.com/groups/mexevinfast/permalink/4177442272495209/,"Xe hết pin nhưng đẩy trông vẫn rất nhẹ nhàng. Xe xăng mà hết xăng chắc chỉ đợi cứu hộ kéo☺️
#vinfast #vfhub",,2026-04-01T07:37:20.000Z,User shares a firsthand experience/observation about a VinFast vehicle’s behavior when the battery is depleted (easy to push) and contrasts it with gasoline cars—this is a user experience/review.,Review,General EV
https://www.facebook.com/groups/1327608917606129/permalink/2597548370612171/,"Nghe nhiều người chia sẻ nuôi xe điện đỡ tốn hơn xe xăng nhưng thực sự mình k ngờ nó tiết kiệm gần 1/10. Sơ sơ chi phí nuôi xe điện của gia đình mình sau khi chuyển từ xe xăng sang VF6 plus nó như này: 

✅ Tiền điện thay cho tiền xăng: đi 2.000-3.000km/tháng vẫn ko tốn đồng nào. Vì nhà mình chủ yếu sạc ở các trụ VinFast nên dc hưởng chính sách miễn sạc đến tháng 6/2027, cũng đang ráng tranh thủ đi nhiều cho đỡ hao 

✅ Tiền bảo dưỡng: theo hãng khuyến cáo thì 12.000km mới cần bảo dưỡng 1 lần, trong mấy tháng đầu mình chạy phà phà mà có phải tốn đồng bảo dưỡng nào đâu. Còn con xe xăng trước thì cứ khoảng 3 tháng là mất 2 củ bảo dưỡng 

✅ Các chi phí khác như gửi xe chung cư, rửa xe, đường bộ… thì rơi vào khoảng 1,5–2 triệu/tháng, cái này xe nào cũng như nhau nên cũng k so sánh nhiều 

Tóm lại nếu chỉ tính các chi phi vận hành xe như nhiên liệu, bảo dưỡng thì VF6 plus gần như k mất khoảng phí nào trong mấy tháng đầu. Còn các tháng sau thì cũng chỉ tầm cỡ 200k/tháng (tính đến nay là mình bảo dưỡng dc 2 lần, lần đầu 300k, lần 2 thay dầu phanh 1tr3 trong vòng 1 năm). Khoảng này thì chắc chắn nhẹ ví hơn hẳn xe xăng, xe xăng mình nuôi trước kia tháng cũng phải 5-6 củ, tháng nào gia đình đi du lịch là tiền xăng nhiều hơn 3 củ cái chắc. 

Tiền nuôi xe nhẹ đi nhiều là cái lợi rõ ràng thấy ngay trước mắt, nhưng mình cũng phải dành lời khen cho bạn VF6 plus nhà mình ở khoảng an toàn và thoải mái khi đi gia đình. Đọc nhiều bài chê xe nhỏ ko bằng xe xăng chứ cá nhân mình thấy là không gian xe vừa tầm cho gia đình 4-5 người. Động cơ mạnh chạy êm k bị tiếng gầm rú, ở khoảng này thì nhà nào có con nhỏ như mình sẽ thấy rõ nhất cái lợi khi chở con, đặc biệt là khi đi xa. Hệ thống adas nhiều tính năng, 7 túi khí an toàn nên người lái đến người ngồi trong xe cũng cảm thấy an tâm. Xác định là con xe sử dụng lâu dài và cũng dùng để đi xa nhiều nên chuyện an toàn với mình vẫn là mấu chốt để quyết định xuống tiền.",,2025-12-28T05:54:34.000Z,"Firsthand user review of a VinFast VF6 Plus including real usage details (km/month), charging policy, running costs, maintenance history and driving/space/safety evaluation.",Review,VF6
https://www.facebook.com/groups/mexevinfast/permalink/4176394285933341/,"1 chiếc VF8 2022 cày hơn 33 vạn, qua năm thứ 4 rồi PIN sdi vẫn cứ là ok",,2026-03-31T04:27:42.000Z,Người dùng chia sẻ trải nghiệm thực tế về một chiếc VF8 2022 chạy hơn 330.000 km sau 4 năm và tình trạng pin SDI vẫn ổn.,Review,VF8
https://www.facebook.com/groups/mexevinfast/permalink/4176320689274034/,"Hậu mãi đang trở thành điểm cộng rõ rệt của VinFast khi nhiều chủ xe ghi nhận trải nghiệm dịch vụ nhất quán, xử lý đúng hẹn, chi phí bảo dưỡng dễ chịu và chính sách bảo hành tạo sự an tâm trong quá trình sử dụng lâu dài.

Bên cạnh chất lượng sản phẩm, dịch vụ hậu mãi là một trong những yếu tố quan trọng khiến người dùng quyết định xuống tiền. Người mua không chỉ nhìn vào chi phí bảo dưỡng hay sửa chữa, mà còn quan tâm thái độ phục vụ, tốc độ xử lý yêu cầu, sự rõ ràng về quy trình, chất lượng đồng nhất giữa các điểm dịch vụ…

Đây là lý do với nhiều chủ xe, VinFast đang tạo khác biệt với chất lượng dịch vụ hậu mãi “vượt chuẩn” được đồng bộ tại hơn 400 xưởng dịch vụ trên cả nước. Minh chứng là chương trình khảo sát “Kiến tạo dịch vụ 5 sao” được hãng triển khai từ 10/2 đến 31/3/2026 đã nhanh chóng thu về nhiều ý kiến đánh giá tích cực.  

Anh Đoàn Đức Minh (Bắc Ninh), chủ xe VF 5, kể lại một lần đưa xe đi kiểm tra định kỳ trong lúc công việc khá bận rộn. Ban đầu, anh chỉ dự định “tranh thủ ghé qua xem thế nào”, nhưng thực tế lại khác. “Tôi đặt lịch trước, tới nơi là có người tiếp nhận ngay, kiểm tra nhanh rồi báo rõ thời gian lấy xe. Mọi thứ diễn ra gọn gàng, không bị kéo dài như tôi nghĩ”, anh nói.

Đồng quan điểm, anh Sơn, chủ xe VinFast VF 7 tại Hà Nội, ấn tượng tốt với hệ thống xưởng dịch vụ của VinFast bởi đội ngũ nhân viên nhiệt tình và quy trình rõ ràng. “Xưởng trả xe đúng ngày hẹn, đôi khi còn sớm hơn dự kiến nên tôi chủ động được kế hoạch”, anh Sơn chia sẻ.

Anh cho hay, VinFast hiện là hãng hiếm có trên thị trường cam kết minh bạch và đúng hẹn trong thời gian sửa chữa. Nếu thời gian sửa chữa vượt quá cam kết, khách hàng sẽ được hỗ trợ 500.000 đồng/ngày. Ngoài ra, người dùng sẽ được hỗ trợ pin/xe để việc di chuyển không bị gián đoạn trong trường hợp sửa chữa pin/động cơ.

Đáng chú ý, nhiều khách hàng càng bất ngờ khi trải nghiệm dịch vụ hậu mãi của VinFast bởi chi phí hợp lý hơn hẳn xe xăng, dù sử dụng các dòng xe phổ thông hay cao cấp. Chia sẻ từ cộng đồng chủ xe, mức tiền bảo dưỡng các dòng xe điện VinFast thường chỉ dừng ở mức vài trăm nghìn tới 1 triệu đồng, trong khi đó, một mẫu xe xăng hạng A cũng đã tốn 1-2 triệu đồng/lần bảo dưỡng.

Anh Trương Ngọc Sơn (TP.HCM), chủ xe VF 5, cho biết sau một thời gian sử dụng, điều anh cảm nhận rõ nhất là sự “nhẹ gánh” về chi phí. “Trước đây mỗi lần đến kỳ bảo dưỡng là mình phải chuẩn bị sẵn một khoản kha khá, chưa kể đôi khi có phát sinh thêm. Còn với xe điện, chi phí thấp hơn hẳn, càng đi nhiều càng thấy rõ khả năng tối ưu”, anh phân tích.

Với nhóm khách hàng chạy dịch vụ, lợi ích này càng thể hiện rõ khi chi phí vận hành được kiểm soát tốt trong thời gian dài. Anh Hạnh, tài xế sử dụng Limo Green, cho biết tần suất vào xưởng ít hơn, các mốc bảo dưỡng cũng giãn hơn (khoảng 15.000 km hoặc một năm), giúp anh duy trì nhịp chạy ổn định. “Quan trọng là mình biết trước chi phí và không bị phát sinh bất ngờ”, anh nhận xét.

Không chỉ dừng ở bài toán chi phí, yếu tố khiến anh Hạnh yên tâm hơn khi sử dụng lâu dài là chính sách bảo hành pin lên tới 8 năm cùng hệ thống trạm sạc phủ rộng. “Đi tỉnh không còn áp lực tính toán nhiều như trước, cứ chạy theo nhu cầu công việc là được”, anh nói thêm.

Giới quan sát nhận định, từ khi VinFast gia nhập thị trường xe Việt, trải nghiệm hậu mãi không còn là yếu tố phụ mà trở thành tiêu chí quan trọng trong lựa chọn của người dùng. Khi quy trình rõ ràng, cam kết thời gian cụ thể, chi phí minh bạch và được hỗ trợ xuyên suốt, người dùng hoàn toàn yên tâm sở hữu xe điện như một bài toán kinh tế hợp lý trong nhiều năm. Điều này cũng góp phần lý giải doanh số kỷ lục trong năm 2025 của VinFast, với hơn 175.000 xe điện tới tay khách hàng, hay mới nhất là kỷ lục hoàn tất 3.520 đơn đặt mua xe trong một ngày (28/3/2026).",,2026-03-31T02:22:36.000Z,"Bài viết chứa nhiều chia sẻ trực tiếp từ chủ xe (VF5, VF7, Limo Green...) về trải nghiệm sử dụng và dịch vụ hậu mãi: đặt lịch, thời gian sửa chữa, chi phí bảo dưỡng, chính sách bảo hành—tức là đánh giá và trải nghiệm người dùng thực tế.",Review,General EV
https://www.facebook.com/groups/1327608917606129/permalink/2548405828859759/,"Sáng lướt Fb thấy bọn VinFast đăng bài “Trọn trải nghiệm chuẩn 5 sao VF 8”, t đọc thấy hay nên cx tranh thủ dắt thằng cu đi chơi ở Thiso Mall luôn
Ban đầu t tưởng chỉ trưng bày, mình ngó thôi, ai dè cho lái thử thật, có người hướng dẫn hẳn hoi. Để đánh giá công tâm con vf8 năm nay t thấy xe chạy đầm, cách âm ổn, tăng tốc mượt, th cu nhà t ngồi sau khoái lắm, cứ đòi bố đổi xe :)))) 
 Xong r bố con t dc tặng quà nhỏ lưu niệm. Mấy bạn tư vấn cũng nhiệt tình, chia sẻ ưu đãi tháng 11 nghe hấp dẫn phết. Thành ra đi định trải nghiệm mà lại fomo muốn sắm đấy :))) Các cụ nào đi vf8 rồi chia sẻ cho t phát xem đi lâu dài có oce k, còn cụ nào muốn trải nghiệm thì cứ ra Thiso Mall, k thì cx dc tặng quà free :v thả nhẹ ae con ảnh t test xe xem hợp k nhé",,2025-11-02T11:44:44.000Z,"Bài viết là trải nghiệm thực tế lái thử VinFast VF8 tại sự kiện: mô tả cảm nhận lái (chạy đầm, cách âm, tăng tốc mượt), phản ứng người ngồi sau, và trải nghiệm dịch vụ (tư vấn, quà tặng). Đây là đánh giá/người dùng chia sẻ trải nghiệm cá nhân.",Review,VF8
https://www.facebook.com/groups/1817103121788013/permalink/4170395013125467/,"2018 - Klara
2022 - Evo 200
2026 - Evo Grand
4 năm đổi xe 1 lần, vẫn cứ chọn VF đồng hành 😁",,2026-03-27T09:25:10.000Z,Owner lists successive VinFast electric vehicles (Klara → Evo 200 → Evo Grand) and expresses ongoing use/loyalty — a short user experience/testimonial.,Review,General EV
https://www.facebook.com/groups/Vinfast.Fan/permalink/1842277062991843/,"Chủ nhân #Mercedes_AMG_G63 + #VF8 đánh giá 2 xe.

Link báo dưới còm 👇
#VinFast #EV #BEV
#XuHướng #ReviewXe #Tiktok",,2025-09-05T07:10:54.000Z,Post announces an owner review comparing a Mercedes-AMG G63 and a VinFast VF8 — a user evaluation/experience of a VinFast EV (VF8).,Review,VF8
https://www.facebook.com/groups/Vinfast.Fan/permalink/1840286426524240/,"Tròm trèm 6 năm gắn bó với Vinfast, vẫn   háo hức như ngày nào khi thấy dòng xe mới. Lạc Hồng quá đẹp, làm xe dẫn đoàn, đưa rước ngoại giao và lãnh đạo thì đã được thẩm định kỹ lưỡng, khả năng vận hành và an toàn cao. Chúc Vinfast ngày càng vững vàng phát triển.",,2025-09-03T03:40:55.000Z,"Author reports ~6 years with VinFast and offers a personal evaluation/experience—expresses enthusiasm and assesses the new model (Lạc Hồng) as attractive with high performance and safety, which qualifies as a user review/evaluation.",Review,General EV
https://www.facebook.com/groups/1817103121788013/permalink/4163926220439013/,Này thì kêu cao su gắp. Này thì cà ót cà ét. Cho m kêu nữa đi. Bảo hành 1 năm nha anh em,,2026-03-21T12:55:12.000Z,"Firsthand user experience reporting vehicle noises ('kêu cao su gắp', 'cà ót cà ét') and mentioning a 1-year warranty — qualifies as a user review/experience of the vehicle.",Review,General EV
https://www.facebook.com/groups/mexevinfast/permalink/4170452639860839/,"Cứ bảo VF 3 chỉ để chị em đi chợ, cho đến khi thấy quả xuyên Việt 5.500km này... Nể thật sự 🙏

Cày 53 lần sạc, ăn ngủ luôn trên xe. Tiết kiệm được cả chục triệu tiền xăng để ""phá mồi"" dọc đường. Đèo Mã Pì Lèng cũng không làm khó được bé Ba thì ae còn lăn tăn gì? Tầm này thì thích là nhích, xe điện giờ đâu chỉ để loanh quanh phố nữa 💪

P/s: Ảnh chủ xe chia sẻ cho ae chiêm ngưỡng ạ",,2026-03-25T01:56:03.000Z,"Firsthand user experience of a VinFast VF3 — a 5,500 km cross-country trip with 53 charges, observations about charging, comfort, fuel savings, and mountain performance (Mã Pì Lèng).",Review,VF3
https://www.facebook.com/groups/mexevinfast/permalink/4165729870333116/,"Tôi không phải dân review xe chuyên nghiệp, chỉ là vừa chạy xong cung TPHCM - Đà Nẵng trên con VF 6 về, có vài thứ muốn ghi lại cho ai đang cân nhắc dùng xe điện đi đường dài.

Trước chạy xe xăng cung này tốn khoảng vài củ tiền xăng hai chiều, đợt này xe điện thì cứ canh sạc tại trụ là free 100%. Tiền đấy dồn lại để cả nhà ở resort cho sướng =)) 

Về trải nghiệm thực tế trên đường:

- Đường trường đi ổn, nhàn, cảm giái lái khỏe vượt xe thích. Xe điện nên đi êm k mùi, vợ dứt hẳn say xe 

- ADAS hỗ trợ tốt trên các đoạn cao tốc thẳng, giữ làn, cảnh báo va chạm, chuyển làn cũng giúp đỡ căng thẳng hơn hẳn so với lái tay hoàn toàn.

- Trạm sạc tôi dừng 2 lần, mỗi lần khoảng 30-35 phút, vừa đủ để ăn uống nghỉ ngơi. Thật ra nếu không có xe điện, tôi cũng sẽ dừng nghỉ ở những điểm đó, nên không thấy mất thêm thời gian gì đáng kể.

Ai đang cân nhắc dùng VF 6 cho chuyến dài thì tôi nghĩ cứ thử, ít nhất là không tệ như nhiều người hay mặc định nghĩ.",,2026-03-20T10:53:21.000Z,"Người dùng chia sẻ trải nghiệm thực tế lái VF 6 đường dài (TPHCM–Đà Nẵng): chi phí sạc, cảm giác lái, ADAS, thời gian dừng sạc và khuyến nghị cho người cân nhắc dùng xe điện cho chuyến dài.",Review,VF6
https://www.facebook.com/groups/mexevinfast/permalink/4164881427084627/,"Góc khoe chiến hữu!

Vừa hoàn thành chuyến xuyên Việt cùng 'bé ba', phải công nhận em nó nhỏ mà có võ các bác ạ. Lúc đầu cũng hơi rén nhưng trộm vía máy khỏe, leo dốc cứ gọi là mượt lừ.

Cái sướng nhất là đi cả hành trình mà ví vẫn 'nguyên tem' tiền xăng, vừa tiết kiệm lại vừa thong dong ngắm cảnh. Đúng là lựa chọn không hối hận 👍

Bác nào sắp tới có kèo chạy cung nào mới thì tag em vào với nhé, ae mình lập đội đi chung cho xôm!",,2026-03-19T14:48:47.000Z,"Firsthand user driving experience: author describes completing a cross-country trip with their VinFast vehicle ('bé ba'), commenting on performance (power, smooth hill climbing) and energy/fuel savings—constitutes a user review/evaluation.",Review,VF3
https://www.facebook.com/groups/1327608917606129/permalink/2200986763601669/,"VinFast VF 7, đúng con xe dưới 1 tỷ trang bị option như trên xe vài tỷ các bác ạ",,2024-09-28T13:46:14.000Z,"Short user evaluation praising VinFast VF7’s value and equipment (says a sub-1 billion car has options like multi-billion cars). It is an opinion/evaluation about the vehicle (not a purchase question or sale), so it qualifies as a review-type post.",Review,VF7
https://www.facebook.com/groups/1817103121788013/permalink/4154172791414356/,Người Trung Quốc còn trầm trò thánphucj khi xe điện Vinfast VF8 của Việt Nam có thể đi ở Tây Tạng - 15 độ? Chất lượng xe quá tốt chứ nhiều xe xăng còn không dám đi vào đây!,,2026-03-16T13:31:04.000Z,"User post describes and praises a real-world performance/experience of a VinFast VF8 driving in Tibet at -15°C, i.e., an evaluation/review of the vehicle's quality in extreme conditions.",Review,VF8
https://www.facebook.com/groups/1327608917606129/permalink/2138578663175813/,"Lái thử vf7 xong thực sự cân nhắc bán xe xăng chuyển xe điện :))). Xe nhiều option mà vỏ dày dặn, treo ổn, tăng tốc 0-100 nhanh, êm ái ko có tiếng gầm động cơ như xe xăng. Quan trọng là sắp tới đc sạc free 1 năm ae à :))",,2024-07-12T08:16:44.000Z,"Người đăng lái thử VF7 và chia sẻ trải nghiệm thực tế: cảm nhận về trang bị, vỏ xe, treo, tăng tốc 0-100, độ êm, và thông tin sạc miễn phí — đây là đánh giá/trải nghiệm người dùng.",Review,VF7
https://www.facebook.com/groups/1327608917606129/permalink/2129607167406296/,"Các cụ cứ tranh cãi VF 7 Plus và Honda CR-V hybrid con nào ngon hơn làm gì, cùng tầm giá hơn 1 tỷ mỗi con có ưu điểm khác nhau. Với em vẻ bề ngoài quan trọng nên em ưng VF 7 hơn, nhìn thiết kế nó trẻ, nội thất sang sịn đã thế nóc kính toàn cảnh đúng ý vợ cả thế nên em mạnh dạn thêm vào giỏ hàng đợi xong mùa Euro là checkin với em nó liền",,2024-06-29T09:29:09.000Z,"Người viết so sánh VF 7 Plus với Honda CR-V hybrid và đưa ra đánh giá cá nhân, nêu rõ lý do thích VF7 (thiết kế trẻ, nội thất sang, nóc kính toàn cảnh) và dự định mua — đây là nhận xét/đánh giá người dùng về xe VinFast.",Review,VF7
https://www.facebook.com/groups/1327608917606129/permalink/2129147404118939/,"Nói chung để mà so sánh xe xăng với xe điện thì nó vô cùng lắm. Thực tế thì từ đầu ai thích xe xăng họ vẫn sẽ chọn mua xe xăng vì để làm quen lại với xe điện từ cách vận hành, cách nạp nhiên liệu cũng tốn kha khá thời gian. Để mà nói về xe xăng trong phân khúc của con Vf7 thì nhiều người ta vẫn sẽ chọn Cx5, build khá chắc chắn, di chuyển cũng ổn, nó vẫn đứng top doanh thu chứ chẳng phải hạng xoàng. Nhưng mà ai đã lỡ trải nghiệm thử Vf7 rồi thì chắc chắn sẽ mê giống em, vì cơ bản con 7 nó quá khỏe so với Cx5, gấp 2 gần 3 lần, thiết kế cũng đẹp như thế nếu không muốn nói là đẹp hơn. Các bác chỉ cần chạy thử con 7 độ 20 30 phút thì chắc chắn sẽ thích. Kể ra các bác mà không lăn tăn về vấn đề nạp điện thì con 7 quá ngon để mà chạy trong phố. Mà giờ Vin cũng trang bị nhiều cây sạc mà, các bác cứ yên tâm.",,2024-06-28T16:21:31.000Z,"First-hand user evaluation and comparison: the author reports personal experience/test-drive impressions of the VinFast VF7 (power, design, driving feel), recommends a 20–30 minute test drive, and discusses charging concerns—this is a user review.",Review,VF7
https://www.facebook.com/groups/1327608917606129/permalink/2129129817454031/,"Tính giá lăn bánh của con Vf7 mà trong trường hợp các bác mua hết tay thì loanh quanh rơi vào khoảng tỷ 2. Để so với ông vua phân khúc như con Cx5 thì Vf7 cũng nhỉnh tương đối. Nhưng mà các bác mua pin thẳng luôn thì về lâu về dài chi phí sử dụng, vận hành này kia cũng bớt đi tương đối đấy nhé. Em tính sơ sơ qua thì Vf7 chỉ tốn chi phí có bằng 1/3 so với Cx5 thôi, chỉ riêng tính việc nạp nhiên liệu thôi nhé. Chạy máy xăng mỗi lần đổ cũng phải mất đôi triệu. Chưa tính đến chi phí bảo dưỡng các thứ Vf7 đã nhẹ túi hơn một chút rồi, mà bảo dưỡng con 7 này cũng nhẹ tênh, không cầu kì như máy xăng.",,2024-06-28T15:43:00.000Z,"User provides a comparative evaluation of the VinFast VF7 vs Mazda CX-5, discussing on-road price, long-term running costs (fuel vs battery), and maintenance — a user review/evaluation of a VinFast EV.",Review,VF7
https://www.facebook.com/groups/1327608917606129/permalink/2124179974615682/,"Nhiều anh em lăn tăn về điều hòa của con này. Bởi vì trước nhiều con xe điện nói chung thì thi thoảng gặp vấn đề mất mát hay giảm khi nhiệt độ của pin nóng lên. Nhưng mà phải công nhận là điều hòa của con Vf7 này rất mát nhé, lạnh sâu và không bị gặp tình trạng mất mát hay giảm mát. Các bác mua xe với thời tiết khắc nghiệt như đợt này ko cần lo khoản này nhé, điều hòa VF7 còn có cả lọc bụi mịn luân :v",,2024-06-22T02:34:53.000Z,"Người dùng chia sẻ trải nghiệm thực tế về điều hòa của VF7: lạnh sâu, không bị giảm hiệu suất khi pin nóng, có lọc bụi mịn.",Review,VF7
https://www.facebook.com/groups/1327608917606129/permalink/2124296797937333/,"Nay được xin phép chia sẻ với anh em cảm giác ngồi trên con Vf7 này, ngồi thôi chứ không phải ngồi lái. Là một người chưa từng ngồi qua hay lái qua bất kì con Vin nào, kể cả xăng hay điện thì lần đầu tiên trải nghiệm xe của Vinfast, Vf7 thì phải công nhận là sướng. Điều hòa lạnh sâu, chống ồn tốt, rất ít khi nghe tiếng ồn từ gầm dội lên, đi qua gờ giảm tốc khá êm, chắc xe, treo tốt, nội thất thì tương đối tối giản, nhưng đấy là đặc điểm chung của xe điện rồi, xe tương lai. Cái nữa là đi rất khỏe nhé, nay bị mấy lần ông ngồi lái vít cho mà ngời ngợm ngược hết về đằng sau. Nói chung là trải nghiệm ngồi thử thấy khá tốt, đợi hôm nào cầm lái mới có trải nghiệm sâu hơn được.",,2024-06-22T02:34:47.000Z,"First-hand user experience of a VinFast VF7 (sitting/test-ride) describing AC, noise insulation, ride comfort, suspension, interior, and acceleration — qualifies as a user review/evaluation.",Review,VF7
https://www.facebook.com/groups/1327608917606129/permalink/2124344141265932/,"Chẳng nói riêng gì Vf7, xe điện nói chung mà ông nào mới tập lái hay đổi từ xe xăng hay xe điện ấy, phải thực sự mất một khoảng thời gian làm quen. Xe điện cơ bản nó rất mạnh, đạt tốc rất nhanh, đi không quen là cũng ra trò đấy. Nên hôm nay ngồi thử con Vf7, rờ thử chân ga mà nó cũng giật mình phết, không nghĩ xe khỏe thế, mà lại nhẹ. Chạy thử thì khá là thích, treo ngon, cách âm tốt, rộng rãi, mà cơ bản là lái rất phấn khích. Nói chung là nên thử anh em ạ.",,2024-06-22T02:34:42.000Z,"Người viết chia sẻ trải nghiệm lái thử VF7: cảm nhận về chân ga, độ mạnh/tăng tốc, treo, cách âm và không gian nội thất.",Review,VF7
https://www.facebook.com/groups/1817103121788013/permalink/4148444971987138/,"Mỗi ngày cầm lái VF 3 là một ngày chill, nhất là khi vừa săn được deal ưu đãi tới 45 triệu và ung dung đứng ngoài cuộc chơi xăng tăng giá 😘",,2026-03-06T10:28:53.000Z,"User shares a personal driving experience/evaluation of a VinFast VF3 (enjoyment while driving and benefit of avoiding fuel price increases); although mentions a purchase deal, the post is primarily a user experience.",Review,VF3
https://www.facebook.com/groups/Vinfast.Fan/permalink/1813005605918989/,"Tôi đang dùng Vinfast xăng định đổi sang xe điện vf7 hoặc vf8.
Nhưng hôm rồi ngồi sau xe Vf7 ra sân bay, ngồi hàng sau thấy bồng bềnh say say. Ae cho hỏi đã ai đi vf7 cảm giác như vậy chưa. Đang lăn tăn quá.",,2025-07-30T06:48:46.000Z,"Author reports a firsthand experience riding in the rear of a VF7 and feeling motion sick, and is asking if others had similar sensations — this is a user experience/evaluation of the vehicle.",Review,General EV
https://www.facebook.com/groups/1327608917606129/permalink/2078959865804360/,"Đợt trước xem được cái video so sánh thực tế giữa VF7 với porsche, ai xem xong chắc cũng công nhận như em về tốc độ với khả năng tăng tốc của VF 7 mạnh hơn cả mẫu xe thể thao nổi tiếng như porsche rồi.
Trước cũng có cơ hội trải nghiệm thử 1 lần, VF 7 sở hữu 349 mã lực hơn porsche gần 100 mã lực, mô men xoắn đạt 500Nm và truyền động trực tiếp thì công nhận sướng thật, chân ga cũng ko còn cảm giác có độ trễ như xe xăng, đạp là dính người vào ghế luôn. tăng tốc của em này thuộc hàng top phân khúc rồi, khi mà ae khởi động xe mà tăng tốc nhanh thì sẽ giúp xe đạt tốc độ cao nhanh hơn, ổn định hơn. Mà với thân hình nhỏ gọn và nhẹ cân như em nó thì công nhận là lanh lẹ thật sự. Tầm  phân khúc SUV hạng C bh để đạt được sức mạnh như VF 7 thì gần như là ko có ae ạ, nói là mạnh nhất phân cũng cũng chả sai. ae nào mà chưa tin thì vào video dưới cmt này xem cho uy tín",,2024-04-15T04:44:27.000Z,"User describes a personal test-drive/experience with the VinFast VF7, giving specific performance figures (power, torque) and subjective evaluation of acceleration and handling compared to a Porsche — this is a hands-on review.",Review,VF7
https://www.facebook.com/groups/Vinfast.Fan/permalink/1811294312756785/,"Đây là VF8 của mình dùng được khoảng 2 tháng... 

Hi vọng xe Việt tiếp tục tiến bước và ngày càng hoàn thiện hơn. 👍😎",,2025-07-27T10:48:26.000Z,"Author states ownership and actual usage of a VF8 for about 2 months, sharing personal experience and opinion about the vehicle's progress.",Review,VF8
https://www.facebook.com/groups/1817103121788013/permalink/4148000362031599/,"Chia sẻ của 1 bạn trẻ đầu tư 11 ô tô điện VinFast có hiệu quả hay không:
 ",,2026-03-05T23:12:51.000Z,User-generated sharing evaluating the effectiveness of owning/investing in 11 VinFast electric cars — an experience-based evaluation of VinFast EV ownership.,Review,General EV
https://www.facebook.com/groups/1327608917606129/permalink/2075285279505152/,"Thay vì dồn hết 1 cục để mua xe thì gần đây nhiều bác chọn vay trả dần, bỏ ra 1 ít vốn, còn lại để đầu tư sinh lời cái khác. Nhiều bác bảo như thế trả góp là 1 bước đi mạo hiểm chứ theo e thấy về lâu về dài, vẫn là 1 nước đi thông minh nếu như chịu đầu tư đúng chỗ. Như bản thân e, cũng mới trả góp con vf5 với khoản vay lên đến 70% giá trị xe, bỏ ra có hơn 100tr mà giờ có con xe che nắng che mưa , 8 năm sử dụng xong thì có 1 tài sản hiện hữu luôn. Gần đây, thấy các nước phương tây họ cũng khá là chuộng việc trả góp này, các bác có thể đọc và tham khảo nhé.",,2024-04-09T07:52:48.000Z,"Personal ownership experience with a VinFast VF5: author describes choosing installment financing (70% loan), initial outlay, and current benefit of having the car. This is a user experience/evaluation rather than a purchase request or technical/support post.",Review,VF5
https://www.facebook.com/groups/mexevinfast/permalink/4155532804686156/,"Trong khi giá xăng đang nhảy vọt thì mình chọn cách sống chậm cùng VF 3 bên trụ sạc ☕️

Nhìn ae xe máy xếp hàng dài mấy trụ xăng mới thấy tự chủ được chi phí nhiên liệu nó hạnh phúc thế nào. Từ ngày cầm lái VF 3 mới có cảm giác đi ô tô mà tiền xăng còn rẻ hơn xe máy, 3 năm đầu chi phí bảo dưỡng còn chưa đến 3tr. Ae đi nhiều hoặc chính sách bảo dưỡng có điều chỉnh thì chắc sẽ có một số chênh lệch nhỏ. Nhiều người bảo đi xe điện chờ sạc mất thời gian nhưng với mình đổi lại 3 năm ko tốn một đồng tiền nhiên liệu, ko còn cảnh chen chúc chạy theo giá xăng tăng lại hoàn toàn xứng đáng. Cứ cắm sạc rồi đi xem phim uống cafe, xong xuôi là xe đầy điện, mỗi tháng dư dc vài ba củ. 

Ai bảo xe điện là tốn, chẳng qua là họ chưa tính kỹ thôi 🤙",,2026-03-09T11:18:50.000Z,"First-hand user experience with VinFast VF 3: discusses charging behavior, fuel and maintenance cost comparisons, charging-time tradeoffs, and personal savings — a clear user review/evaluation.",Review,VF3
https://www.facebook.com/groups/Vinfast.Fan/permalink/1785527798666770/,"Khung xe Vinfast VF 5 hấp thụ sung lực chuẩn quá , đầu đuôi nát hết mà khoang hàng khác vẫn vẹn nguyên",,2025-06-27T02:14:42.000Z,"User provides an evaluation of the VinFast VF5’s crashworthiness—describing how the frame absorbed impact and the passenger compartment remained intact, which is a user experience/review of the vehicle’s performance.",Review,VF5
https://www.facebook.com/groups/mexevinfast/permalink/4152791958293574/,"Mỗi ngày cầm lái VF 3 là một ngày chill, nhất là khi vừa săn được deal ưu đãi tới 45 triệu và ung dung đứng ngoài cuộc chơi xăng tăng giá 😘",,2026-03-06T10:32:31.000Z,"Author shares a first-hand driving experience of a VinFast VF3 (‘Mỗi ngày cầm lái VF3 là một ngày chill’). Although it mentions a promotional discount, the post is a user evaluation/experience, not a purchase request or sale listing.",Review,VF3
https://www.facebook.com/groups/Vinfast.Fan/permalink/1774160273136856/,"#Cách_mà_tôi_dùng_điều_hoà_xe_điện_để_làm_Kem với chỉ 3 nút bấm:
1. Tự động.
2. Gió trong (lưu ý mục này).
3. Đồng bộ.

#VinFast #XeDien #VinFastVF9 #DieuHoaOto #MuaHe #ReviewXe #CongNghe #Xuhuong #TikTok",,2025-06-07T03:09:26.000Z,"Author shares a hands-on user experience/tip using a VinFast VF9’s air-conditioning to make ice cream, listing specific settings used (Auto, recirculation, Sync). This is a practical user review/usage report.",Review,VF9
https://www.facebook.com/groups/Vinfast.Fan/permalink/1771273843425499/,"#Trời_càng_nóng_điều_hoà_lại_càng_ngon, đã thử lên 30°C vẫn ra gió mát, ""Mức tiêu thụ điện"" lại còn ít hơn ngày thường 🤣🤣🤣
Tết thiếu nhi, tôi chạy khoảng 123.86km từ biển Cồn Đen về HN lúc đỉnh nắng 13h-15h, cao tốc HP-HN vẫn chạy tối đa 123km/h.

VF9 Eco, pin CATL, điều hoà 3 giàn, nhận xe cuối tháng 10/2024, phần mềm vẫn từ lúc xuất Xưởng 9A.5.10.5, chạy chế độ Sport, điều hoà đặt Auto + Gió trong + Đồng bộ 3 vùng",,2025-06-03T02:40:43.000Z,"First-hand driving report of a VinFast VF9 Eco: includes trip distance, driving conditions (time, highway speed), vehicle specs (CATL battery, software version), AC performance and energy consumption, and driving settings—constitutes a user evaluation/test drive.",Review,VF9
https://www.facebook.com/groups/1817103121788013/permalink/4143312329167069/,"Giải pháp cho anh em nhà ở xa trụ sạc , muốn sạc chậm qua đêm để bền pin hơn , hoặc cơ bản là bỏ tiền điện ra để mua thời gian  tối khỏi phải xếp hàng ra trụ sạc ở nhà chơi với gia đình hehe

Bản đời mới 3kw này sạc êm hơn những đời trước , cắm điện 220v dân dụng tại nhà không cần điện 3 pha .

sạc từ 20% lên 100% tầm khoảng 5 tiếng ,

1 lần sạc đầy nếu tính mức điện 3.000đ/ số điện thì tốn tầm 60k , đi đc hơn 200km ,chở đc 4 người .

Tính ra còn rẻ hơn cả đổ xăng cho 1 chiếc xe máy nữa ae nhỉ  :d

Đi chơi xa có cục sạc cầm tay dự phòng lúc tới trụ sạc mà trụ hư cũng an tâm phết
☎️0978223027 hoặc ib là có",,2026-03-01T07:04:58.000Z,"Author describes hands-on experience with a new 3kW home charger (quiet operation, 220V household use, 20%→100% ≈5 hours), gives cost and range estimates (~60k VND for >200 km), and practical usage tips (overnight slow charging, portable backup). This is a user evaluation/experience relevant to VinFast EV charging.",Review,VFe34
https://www.facebook.com/groups/Vinfast.Fan/permalink/1749817335571150/,"ĐÀ LẠT THÁCH ĐỐ SẠC XE ĐIỆN! (Chờ kiểm duyệt)

Hôm nay 03/5/2025 vẫn còn không khí Đại lễ, chúc hết thảy mọi người vui, khoẻ, luôn nhớ những năm tháng hào hùng của ĐẤT NƯỚC!

Nói ĐÀ LẠT… thách đố… không hoàn toàn đúng. Vì so 2 năm trước, trạm sạc xe điện VinFast-Vgreen đã khá nhiều, tuy nhiên tại nhiều trạm, trong đó có NQ Sạc đúng là thách đố tay lái mới mỗi khi tìm và đưa xe vào chỗ sạc. Anh Em Cộng đồng tham khảo vài ảnh chụp màn hình, nếu không phiền!

Cá nhân tôi mong ngay Ga ĐL có trạm sạc để khách đi ""XE LỬA DL"" tranh thủ sạc xe, trong thời gian chuyến tàu DL đi về khoảng 1.5 tiếng. 
Gần ga thấy trên App. có NQ tư nhân Trang Hải Thanh, số 4/20A Nguyễn Trãi, phường 10, ĐL nhưng tôi đã không thể tới đó, dù đã cố lái xe, tìm vào các đường nhỏ, nhiều dốc…",,2025-05-04T15:06:13.000Z,"Người viết chia sẻ trải nghiệm thực tế khi tìm và sử dụng trạm sạc VinFast-Vgreen ở Đà Lạt: nêu khó khăn khi tìm chỗ và đưa xe vào vị trí sạc, đã cố lái tới trạm tư nhân nhưng không thể tiếp cận — thuộc đánh giá/kinh nghiệm người dùng về hệ sinh thái VinFast.",Review,General EV
https://www.facebook.com/groups/mexevinfast/permalink/4146284718944298/,#vf6 đổ đèo trời mưa ướt với tốc độ 70km/h và cái kết - Xe nát tươm nhưng chủ cười tươi check in trước chiếc xe của mình ,,2026-02-27T11:40:55.000Z,First-hand driving experience of a VinFast VF6 describing conditions (wet downhill at 70 km/h) and the outcome — a user account of a test/drive incident.,Review,VF6
https://www.facebook.com/groups/mexevinfast/permalink/4145972808975489/,"Vậy là sau hơn 2 năm ""phà như dúng"" em nó:
• Đã đi được 75.000 km (7,5 vạn)

• Đã chai 6,5% pin

• Mất 4,5 triệu tiền sạc điện ( lúc chưa miễn phí sạc)

• Húp không của chú Vượng em 35 triệu tiền sạc điện miễn phí

• Qua 6 lần bảo dưỡng (12000km / lần), trung bình 500k/lần. mất 3 triệu

• 4 lốp vẫn ngon (trộm vía tỷ lần) (chắc phải đi thêm được 2,5 vạn nữa) :)) 

Nếu xe xăng thì sẽ thế nào nhỉ anh em?

• Bình xăng thể tích còn y nguyên (không bị nhỏ đi % thể tích nào) kaka

• Mất khoảng 120 triệu tiền xăng (em tính 1,6k/1km) (có khi hơn nhiều) (Nếu không ăn chơi dảy múa thì thừa tiền mua nguyên quả pin dự phòng vứt nóc chơi) haha

• Bảo dưỡng khoảng 16 lần (Em tính khoảng 5000km/lần) , mỗi lần tính nhẹ 1 triệu thôi (có khi gấp đôi, gấp 3 nhé , cụ nào có xe xăng sẽ thấy nó dã man) , mất nhẹ 16 triệu",,2026-02-27T03:48:37.000Z,"Owner's hands-on 2+ year usage summary with concrete metrics: 75,000 km, 6.5% battery degradation, charging costs, maintenance history, tire condition, and comparison to petrol — a user review/evaluation.",Review,General EV
https://www.facebook.com/groups/mexevinfast/permalink/4145011309071639/,"Sáng nay Sài Gòn mưa như trút, đoạn đường trước khu mình ngập gần nửa bánh xe. Bình thường đi xe xăng là mình né ngay, sợ tắt máy, với lại nước bẩn lắm.  

Giờ đang chạy con Flazz, liều chạy thử luôn, lội nước phăm phăm tới công ty, không thấy báo lỗi hay tê liệt gì. Về nhà mới nhớ là con này nó làm kiểu chống nước IP67 gì đó, nên mấy đoạn ngập vừa vừa mình đỡ phải xoắn “chập điện” như mấy ông hay comment dọa trên mạng.  

Thêm cái là quanh chỗ mình giờ tủ đổi pin VinFast mọc khá nhiều, đi làm về ghé cái là xong, không phải lôi ổ cắm ra sạc ở nhà cũng đỡ lo.  

Trong group có ai chạy Flazz/xe điện Vin đi mưa, lội nước rồi cho xin thêm trải nghiệm xem có gì cần né không?",,2026-02-26T04:35:30.000Z,"Author shares a first-hand driving experience with a VinFast Flazz riding through flooded streets, reports behavior (no errors), mentions IP67 water resistance and nearby battery-swap stations—i.e., a user evaluation/experience. Although they ask others for input, the post contains a substantive personal review.",Review,E-Motorbike
https://www.facebook.com/groups/1817103121788013/permalink/4140738796091089/,"VinFast EC Van có 3 phiên bản, giá niêm yết lệch nhau 20 triệu.
Bản chuẩn giá 285, bản nâng cao 305 và bản nâng cao cửa trượt giá 325 triệu.

Dựa trên bảng thông số kỹ thuật, cả ba phiên bản của VinFast EC Van đều chia sẻ chung một ""hệ xương sống"" vận hành bền bỉ với động cơ có công suất tối đa 30 kW và mô-men xoắn cực đại 110 Nm. Dù lựa chọn phiên bản nào, người dùng vẫn sở hữu khả năng di chuyển quãng đường khoảng 175 km sau mỗi lần sạc đầy (theo tiêu chuẩn NEDC) và khả năng sạc nhanh từ 10% đến 70% chỉ trong 42 phút. Tuy nhiên, sự khác biệt giữa các phiên bản nằm ở mức độ tiện nghi và tính linh hoạt trong việc bốc dỡ hàng hóa.

​Phiên bản Tiêu chuẩn là sự lựa chọn tối giản, tập trung thuần túy vào công năng vận tải để tối ưu chi phí đầu tư ban đầu. Ở phiên bản này, các trang bị dừng lại ở mức cơ bản như cửa sổ chỉnh tay, hệ thống điều hòa chỉ có quạt gió và khóa cửa dạng cơ. Đây là phiên bản phù hợp cho những nhu cầu vận chuyển đơn giản, nơi người lái ưu tiên hiệu quả kinh tế hơn là sự hưởng thụ tiện nghi trong cabin.

​Bước lên phiên bản Nâng cao, chiếc xe bắt đầu mang lại sự ""an yên"" và thoải mái rõ rệt cho người cầm lái giống như những gì bạn đã cảm nhận. Điểm đáng giá nhất là sự xuất hiện của hệ thống điều hòa 2 chiều và cửa sổ điều khiển điện, giúp không gian cabin trở nên dễ chịu hơn trong mọi điều kiện thời tiết. Bên cạnh đó, các tính năng như khóa cửa trung tâm tự động khi xe di chuyển, hệ thống âm thanh nâng cấp và chức năng tan sương/trình kính giúp mỗi chuyến đi trở nên an toàn và bớt căng thẳng hơn. Việc bốc dỡ hàng cũng thuận tiện hơn vào ban đêm nhờ đèn soi khoang hành lý được bổ sung thêm.

​Phiên bản Nâng cao có cửa trượt là sự kết hợp hoàn thiện nhất, được thiết kế chuyên biệt cho những người thường xuyên phải giao nhận hàng trong các không gian chật hẹp. Giữ nguyên toàn bộ các tiện ích của bản Nâng cao, phiên bản này được bổ sung thêm cánh cửa trượt bên hông. Trong những con ngõ nhỏ hoặc các điểm đỗ xe san sát nhau, nơi không có đủ không gian để mở hoàn toàn cửa hậu, cửa trượt hông sẽ giúp bạn tiếp cận khoang hàng dung tích 2,6 m^3 một cách linh hoạt và đỡ tốn sức lực nhất.

​Tóm lại, nếu bản Tiêu chuẩn giúp bạn bắt đầu công việc kinh doanh, thì các bản Nâng cao chính là người bạn đồng hành giúp bạn ""đỡ khổ"" và giữ được sự thảnh thơi sau mỗi ngày làm việc dài.",,2026-02-26T20:40:13.000Z,"Comparative evaluation of the VinFast EC Van variants with specifications, feature differences, and recommendations for user suitability — a product review/evaluation rather than a purchase request or support query.",Review,General EV
https://www.facebook.com/groups/1817103121788013/permalink/4129174403914195/,"Tháng 2/2024, một ông Tây sống ở San Jose, Cali thuê một chiếc VF8 Plus 2023 với giá 400 đô/tháng trong 36 tháng. Dưới đây là nội dung khiếu nại của ông về chất lượng của chiếc xe ông đang đi, gửi tới NHTSA - Cơ quan an toàn giao thông Hoa Kỳ - thuộc Bộ Giao thông Mỹ.

Cơ quan liên bang này chịu trách nhiệm thiết lập tiêu chuẩn an toàn phương tiện, kiểm tra va chạm, quản lý triệu hồi xe lỗi và giảm thiểu thương vong do tai nạn giao thông trên đường bộ. 

“Ngày 11/4/2025,
Kính gửi NHTSA, 

Chủ đề: Khiếu nại về an toàn - VinFast VF8 Plus 2023 (Lỗi an toàn đang diễn ra & Cập nhật phần mềm thu hồi không thành công).

Tôi viết thư này để khiếu nại về vấn đề an toàn liên quan đến chiếc xe VinFast VF8 Plus đời 2023 của tôi, được thuê vào tháng 2/24. Kể từ đó, nó đã liên tục gặp phải các vấn đề liên quan đến an toàn mà vẫn chưa được giải quyết, mặc dù đã nhiều lần sửa chữa.

Nó được bảo dưỡng ít nhất tám (8) lần vì các vấn đề an toàn bao gồm trục trặc hệ thống hỗ trợ lái xe, cảnh báo lỗi hệ thống lặp đi lặp lại khi lái xe và hành vi không ổn định trên đường. Trong mỗi trường hợp, các vấn đề tương tự lại xuất hiện ngay sau khi xe được trả lại.

VinFast đã thông báo rằng những vấn đề này sẽ được khắc phục thông qua bản cập nhật phần mềm được phát hành như một phần của đợt thu hồi an toàn. Bản cập nhật phần mềm thu hồi đã được áp dụng cho xe của tôi khoảng hai tuần trước, nhưng vẫn không có sự cải thiện nào. Các vấn đề an toàn tương tự lại xuất hiện gần như ngay lập tức, và xe vẫn không an toàn để vận hành.

Gần đây nhất, chiếc xe đã phải nằm xưởng sửa chữa hơn hai tuần, và khi được trả lại vẫn gặp phải những vấn đề tương tự. Tình trạng này tiếp diễn suốt thời gian thuê xe, mà không có bất kỳ biện pháp sửa chữa hiệu quả nào được cung cấp.

Ngoài ra, chất lượng hỗ trợ dịch vụ đã giảm sút đáng kể:

- Các cuộc gọi và yêu cầu hỗ trợ đều không được hồi đáp.
- Việc đặt lịch sửa chữa bảo hành gần như không thể thực hiện được
- Các đại lý và trung tâm dịch vụ trong khu vực của tôi đã đóng cửa.
- Thực tế là không có bất kỳ sự hỗ trợ nào dễ tiếp cận để khắc phục các vấn đề an toàn.

Tôi vẫn phải trả 400 $/tháng cho một chiếc xe mà tôi không thể tin tưởng về độ an toàn. Tôi lo lắng không chỉ cho sự an toàn của bản thân mà còn cho sự an toàn của người thân và những người xung quanh.

Tôi trân trọng đề nghị NHTSA điều tra:

1. Các lỗi an toàn tiếp tục xảy ra ảnh hưởng đến mẫu VinFast VF8 2023,

2. Việc cập nhật phần mềm thu hồi sản phẩm vì lý do an toàn không hiệu quả như một biện pháp khắc phục.

3. Việc thiếu cơ sở hạ tầng dịch vụ của nhà sản xuất cản trở việc sửa chữa cần thiết.

Cảm ơn NHTSA đã chú ý đến khiếu nại của tôi.”

Xem link bằng tiếng Anh trong bình luận. Đây chỉ là 1 trong hàng chục khiếu nại về vấn đề lỗi trục trặc hệ thống khi lái xe.

Sau đó, Vinfast Hoa Kỳ đã bị buộc phải triệu tập 6.314 chiếc xe để cập nhật lại phần mềm. Trong khi đó, các xe ở VN thì vẫn đi lại nhông nhông bình thường.

#VF8 #Vinfast #tainan #OH",,2026-02-16T11:17:22.000Z,"Firsthand complaint from a VF8 Plus 2023 renter describing repeated safety-related faults, unsuccessful recall software update, multiple repairs, and poor service support — a direct user experience and evaluation of the vehicle.",Review,VF8
https://www.facebook.com/groups/mexevinfast/permalink/4122894501283320/,"Dạo này đi làm, đi chơi cà phê quanh Hà Nội mà chỗ nào cũng thấy tủ đổi pin xe điện, từ bãi gửi xe đến cửa hàng điện máy. Mình mới lấy con FelizS đi được hơn tháng, đăng ký cái chương trình “Mãnh liệt vì tương lai xanh” gì đó, thấy đúng là đỡ tiền xăng hẳn.
Ngày trước mỗi tháng nhìn tiền xăng mà ngán, giờ sạc pin trong đợt này không mất đồng nào, chi phí đi lại gần như bằng 0, thấy khá phê 😅. Cái tiện nữa là đổi pin nhanh như đổ xăng, mở app lên chỉ chỗ, chạy loanh quanh nội thành chưa lần nào bị “chết pin giữa đường”.

Mình chọn kiểu trả trước 0 đồng nên cảm giác đỡ áp lực ban đầu, dễ mạnh dạn chuyển sang xe điện hơn. Trong group có ai đi FelizS hay xe điện nói chung rồi, trải nghiệm hạ tầng sạc/đổi pin thấy ổn chưa?",,2026-02-04T09:13:13.000Z,"Firsthand user experience with a VinFast FelizS e-motorbike: describes real-world use (battery swap stations, cost savings, charging convenience, 0-down payment experience) — a user evaluation/review.",Review,E-Motorbike
https://www.facebook.com/groups/1327608917606129/permalink/2031864023847278/,"Nay mình mới được về con VF8 đi chơi dịp tết này, test vài vòng thấy vẫn thích kiểu êm này như đợt trước vào đợt lái thử, kể ra cũng hợp mấy nhà có người dễ say xe như nhà mình, ông bà già hay con nhỏ đều đi ngon. Xe điện thì khỏi nói về bảo vệ môi trường rồi :))) giờ chuyển đổi cũng muốn thử luôn trend lái tết xanh",,2024-01-30T05:43:33.000Z,"First-hand user experience and evaluation of a VinFast VF8 — test drives during Tết, comments on ride comfort, suitability for passengers prone to motion sickness, and environmental benefits. This is a hands-on review.",Review,VF8
https://www.facebook.com/groups/Vinfast.Fan/permalink/1722023378350546/,Feedback from US owners of Vinfast VF9,,2025-03-28T09:09:55.000Z,Indicates user feedback/experiences from VF9 owners (a hands-on evaluation/user review type post).,Review,VF9
https://www.facebook.com/groups/mexevinfast/permalink/4116217651951005/,Xe đã cứng cáp an toàn lại còn thông minh và hiểu đường Việt Nam. VinFast + VietMap = combo quá hợp cho người Việt ,,2026-01-28T11:32:35.000Z,"User shares a direct evaluation/opinion of a VinFast vehicle’s build, safety, intelligence and integration with VietMap — a user experience/review-type statement.",Review,General EV
https://www.facebook.com/groups/mexevinfast/permalink/4116099551962815/,"Review chi tiết 8a.1.13.0: Ngập tràn tính năng mới, VinFast thực sự biết cách chiều lòng anh em!
Sau khi vọc vạch, dưới đây là những thay đổi và tính năng mới làm mình ưng ý nhất:
1. Tiện nghi và An toàn hơn hẳn
• Khoá cửa tự động khi rời xe (Walk-away Lock): Cái này cực kỳ tiện! Giờ cứ cầm chìa khoá đi ra xa là xe tự khoá. Không còn cảnh vừa đi vừa ngoái lại xem xe đã khoá chưa, hay lo nơm nớp sợ quên bấm khoá. (Tính năng này có một vài xe không lưu- các bạn vào xưởng để kích hoạt)
• Tắt/bật cảnh báo dây đai an toàn ghế sau: Một thay đổi nhỏ nhưng cực tinh tế. Trước đây để đồ nặng xíu ở ghế sau là xe kêu inh ỏi rất phiền, giờ thì mình hoàn toàn chủ động tắt đi được rồi.
2. Tùy biến HUD ""xịn xò""
• Tuỳ chọn bản đồ dẫn đường (HereMap/VietMap): Đây là cái anh em mong chờ nhất! Giờ đã có thể chọn hiển thị VietMap hoặc HereMap lên HUD. Đi đường lạ mà có VietMap báo tốc độ, chỉ đường ngay trên kính lái thì an tâm tuyệt đối, không cần liếc nhìn màn hình trung tâm nữa.
3. Cảm giác lái và Thao tác tối ưu
• Cấu hình nhanh theo sở thích: Các tuỳ chỉnh quan trọng như Camera, Chế độ lái, Phanh tái sinh và Giữ phanh tự động (Auto Hold) giờ đây có thể truy cập và lựa chọn cực nhanh. Thích lái bốc hay êm, phanh nhiều hay ít đều chỉnh cái ""rẹt"", không phải mò mẫm sâu trong menu như trước.
4. Kết nối mọi lúc mọi nơi
• Điểm phát Wifi: Xe giờ thành cục phát wifi di động luôn. Đi chơi xa, gia đình hay con cái có mạng để xem phim, giải trí thì ""hết nước chấm"".
Tổng kết:
Bản 8a.1.13.0 không chỉ sửa lỗi vặt mà mang đến những nâng cấp thực dụng, đánh trúng vào nhu cầu hàng ngày. Vin thực sự rất chịu khó lắng nghe ý kiến khách hàng để hoàn thiện sản phẩm. Lái chiếc xe bây giờ cảm giác rất sướng, hiện đại và tin cậy.
Bác nào chưa lên thì lên ngay và luôn nhé!
Nguồn : Shu Qi",,2026-01-28T08:36:41.000Z,"Hands-on review of VinFast software update 8a.1.13.0 describing new features, personal impressions, and driving/usage experience (walk-away lock, HUD map options, drive feel, Wi‑Fi, etc.).",Review,General EV
https://www.facebook.com/groups/mexevinfast/permalink/4116098575296246/,"Lâu ngồi LUX A vẫn thấy ngon thế nhỉ
Con xe Vinfast mà tôi yêu thích nhất",,2026-01-28T08:35:10.000Z,Chia sẻ cảm nhận cá nhân khi ngồi trên xe VinFast LUX A — một đánh giá/kinh nghiệm người dùng ngắn gọn về trải nghiệm lái/ngồi.,Review,General EV
https://www.facebook.com/groups/1327608917606129/permalink/1975072766193071/,"VinFast VF9 với cái giá tầm tỉ rưỡi (cả pin 1tỉ8) bề ngoài nhìn có vẻ gọn nhưng mà so với hầu hết chiếc xe phân khúc E thì to nhất. Vì thế nên nội thất của vf9 rất rộng; để mà so kè với Ford Explorer, Prado hay Palisade,... cho vào mục cân nhắc vì chưa có tiền mua",,2023-10-27T04:23:56.000Z,"User provides an evaluative comment about the VinFast VF9—mentions price, compares exterior size and interior space to other E-segment SUVs (Explorer, Prado, Palisade) and notes personal consideration. This is a user review/evaluation, not a purchase request or support question.",Review,VF9
https://www.facebook.com/groups/mexevinfast/permalink/4112949262277844/,"Em ở tỉnh, mua VF 3 làm xe ô tô đầu tiên nên cân đo dữ lắm. Tầm tiền quanh 300 triệu thì thật sự không nhiều lựa chọn: xe xăng cũ đời sâu thì sợ hao xăng, hao tiền sửa; mấy xe điện mini của Trung Quốc giá mềm hơn nhưng lăn tăn nhất là sau này hư hỏng không biết đem đi đâu sửa.

Cuối cùng chọn VF 3 vì thấy hệ thống trạm sạc với xưởng dịch vụ của Vin ở tỉnh em khá đầy đủ, có vấn đề gì cũng yên tâm hơn. Nuôi xe cũng nhẹ thật. Trước giờ đi xe máy, vài tháng là thay nhớt, rồi hư vặt này kia, cộng dồn lại mỗi năm cũng không ít. VF 3 thì bảo dưỡng 12.000 km/lần, lần đầu em vô hãng hết có 295k, tính ra mấy tháng mới tốn chừng đó. Có lần đem xe vô kiểm tra lặt vặt mà hãng cũng không thu phí.

Xe nhỏ gọn nên đi trong tỉnh rất tiện, xoay trở dễ, đi làm hay chạy việc linh tinh đều ổn. Điện đóm tiết kiệm, chi phí hằng tháng thấy còn dễ chịu hơn hồi đi xe máy nhiều.

Đợt em mua bên TC1 còn được ưu đãi khá tốt, tổng giảm 21 triệu (giảm theo chính sách chung với thêm ưu đãi riêng), lại được tặng thêm chai rượu, đang chờ giao tận nhà. Với tầm tiền đó, xe mới, chi phí thấp, dùng ổn định thì cá nhân em thấy quá hợp lý cho người ở tỉnh như em.",,2026-01-25T07:09:26.000Z,"First-hand user experience and evaluation of a VinFast VF3: explains reasons for choosing the car (service network, charging stations), maintenance and running costs, driving practicality in province, and purchase incentives.",Review,VF3
https://www.facebook.com/groups/mexevinfast/permalink/4104312889808148/,"Anh em chạy shipper, xe ôm cho mình hỏi, sao thấy nhiều người vẫn chê xe điện Vin yếu, mau hư chứ mình chạy Evo gần năm nay rồi vẫn thấy ổn phết, có thật k vậy hay bị dìm? 

Mình chạy fulltime, một ngày tầm 70–100km, có hôm cao điểm hơn. Gắn 2 pin, sạc đêm là sáng quất nguyên ngày, chưa bữa nào đứng đường vì hết pin. Máy thì mình cảm giác vẫn êm, ga không bị hụt, chở đồ nặng chạy 60–70km/h vẫn lên đều, không rề rà.

Trước chạy xe xăng, ngày đổ xăng mấy lần, kẹt xe là nóng, mùi khói khó chịu. Giờ chuyển qua Evo, đi trong phố thấy nhẹ đầu hơn. Đi xe thỉnh thoảng hỏi khách khách cũng khen nhiều mà 

Cốp xe cũng rộng, mình nhét được 2 mũ + túi đồ + vài đơn hàng lặt vặt vẫn ok. 

Không biết có ai chạy lâu hơn mình chưa, mấy năm liền thì pin, máy còn ổn không? Anh em chia sẻ thêm cho mình với, để tính gắn bó lâu dài luôn 😄",,2026-01-16T03:18:41.000Z,"First-hand user experience and evaluation of a VinFast Evo electric motorbike: details on daily mileage, 2-battery setup, charging routine, performance under load, range reliability, cargo capacity and comparison to gasoline bike. This is a user review seeking peers' long-term experience.",Review,E-Motorbike
https://www.facebook.com/groups/Vinfast.Fan/permalink/1712086686010882/,"“Chọn xe điện ngon hay là chọn trạm sạc ngon ?”
2025 rồi mà vẫn có 1 số anh hỏi em câu này. Nhưng anh dám hỏi thì em dám trả lời: Em chọn VinFast VF 9 
Chỉ có trẻ con mới phải lựa chọn, còn người lớn thì sở hữu hết. Bằng việc chọn VF 9 thì em nghiễm nhiên có 1 chiếc xe ngon vượt tầm giá, có hạ tầng trạm sạc số 1 Việt Nam và hưởng full đặc quyền tại xưởng dịch vụ.
Chỉ có trạm sạc của V-Green mới có thể đáp ứng được việc sạc 13 chiếc VF 9 của “ANH EM VF9 - VF9 CLUB” cùng 1 lúc. Chỉ có VinFast dám miễn phí sạc pin cho khách hàng từ khi con học mầm non đến khi con vào tiểu học. Chỉ có VINGROUP dám miễn phí đỗ xe 6 tiếng đầu cho xe điện VinFast, các nơi khác họ chỉ nhăm nhe cầm máy Pos quẹt VETC của em để trừ tiền :))

Tất nhiên, đây chỉ là sự lựa chọn của em, 1 người thỉnh thoảng chạy Nha Trang - Hà Nội trong ngày, 1 năm chỉ đi 8 vạn km, nên em hài lòng với VF 9 những gì VF 9 đem lại. Anh chị nào 1 năm đi 20-30 vạn km thì ko cần đọc bài này🥹",,2025-03-15T00:46:11.000Z,"User gives a personal evaluation/endorsement of the VinFast VF9, describing real usage (occasionally Nha Trang–Hà Nội in one day, ~80,000 km/year) and praising vehicle, charging infrastructure (V‑Green) and service privileges—i.e., a hands-on review/testimonial.",Review,VF9
https://www.facebook.com/groups/mexevinfast/permalink/4093766580862779/,"Trước giờ vẫn đi xe xăng, thấy ổn nên không nghĩ tới chuyện đổi. Dạo gần đây thấy xe điện chạy nhiều, nghe bạn bè nói chuyện chuyển đổi nên tò mò, cuối tuần dắt vợ con ra showroom lái thử VF 6 Plus rồi..chốt luôn :) 

Xe êm, không ồn, lái nhẹ, rộng rãi cho cả nhà 4 người. Cảm giác an tâm khi ADAS có nhiều tính năng hỗ trợ như giữ làn, cảnh báo va chạm, hỗ trợ cao tốc. Xe chạy hằng ngày nhàn, tăng tốc mượt, đi phố nhẹ đầu. Điểm trừ là phải canh thời gian sạc, không tốn tiền nhưng cần tính trước.

Tóm lại, VF 6 Plus càng dùng càng thấy hợp: êm, an toàn và dễ đi mỗi ngày.",,2026-01-04T08:40:11.000Z,"Bài viết là trải nghiệm lái thử và đánh giá thực tế về VinFast VF 6 Plus, nêu cảm nhận vận hành, ADAS và ưu/nhược điểm (êm, an toàn, cần canh thời gian sạc).",Review,VF6
https://www.facebook.com/groups/mexevinfast/permalink/4091082281131209/,Đang đi con mẹc GLC300 mà lên lái con vf6 muốn vứt mẹ con mẹc đi các bác à,,2026-01-01T05:49:58.000Z,User reports personal driving experience comparing their Mercedes GLC300 to a VinFast VF6 and expresses preference for the VF6 after driving it — a firsthand review/opinion.,Review,VF6
https://www.facebook.com/groups/mexevinfast/permalink/4090218764550894/,"Các chị em nội trợ có ai giống em không, đi chợ là bê nửa cái nhà theo: túi thức ăn, bịch rau, khay trứng, rồi còn cặp sách con, balo chồng… Trước đi con xe cũ, sàn để chân bé, cứ dí dí 2 đầu gối, đồ thì phải treo lủng lẳng hai bên, đến đoạn phanh gấp là hồi hộp.
Đổi sang con Evo được cái sàn để chân rộng, em thấy khác hẳn. Đi chợ về em quăng luôn túi to giữa sàn, thêm giỏ đồ nữa vẫn đủ chỗ, chân vẫn để thoải mái, không phải ngồi co ro. Chở con đi học, nó đứng lên sàn, tay ôm mẹ, hai mẹ con vẫn không bị chật. Mấy hôm mưa, em để cả túi đồ khô giữa sàn, ít bị bắn nước hơn.

Em kiểu thực dụng, nên cũng để ý vụ an ninh. Xe này có cái báo động với khóa bánh qua app, tối dựng dưới nhà, có động là nó hú, điện thoại báo luôn. Pin LFP nghe đâu vẫn nuôi mấy cái hệ thống đó cả ngày, nên đêm ngủ cũng yên tâm hơn, đỡ lo bị dắt trộm. Khu em mấy ông bảo vệ còn bảo “thấy Vin là tụi nó cũng ngại”.

Tính ra với người suốt ngày chạy chợ, đưa đón con như em, em lại thấy cái sàn rộng + mấy cái chống trộm đó dùng được thật. Trong group mình có ai đi Evo rồi, thấy sàn để chân ổn không, có mẹo gì sắp đồ cho gọn nữa không ạ?",,2025-12-31T10:33:56.000Z,"First-person user review of a VinFast Evo: describes real-world experience with the wide floorboard, cargo capacity for groceries, child transport, wet-weather behavior, and security features (alarm, wheel lock via app, LFP battery powering systems), evaluating suitability for daily shopping and school runs.",Review,E-Motorbike
https://www.facebook.com/groups/mexevinfast/permalink/4089124774660293/,"Cho mình hỏi thật anh em trong group, có ai từng đi VinFast Evo qua đoạn ngập nước chưa? Sau đó xe dùng lâu dài có vấn đề gì không ạ?

Mình đi Evo được hơn năm, dùng hàng ngày để đi làm và việc gia đình. Lúc chưa mua thì mình lo nhất chuyện ngập nước, xem clip trên mạng thấy đủ kiểu nên cũng hơi hoảng.

Ở Hà Nội mưa là ngập, có mấy lần mình không tránh được, nước tầm nửa bánh, có đoạn gần sát gầm. Mình đi chậm, giữ đều ga, xe vẫn chạy bình thường, không hụt, không giật.

Về nhà mình để xe khô rồi hôm sau vẫn dùng bình thường. Lúc đầu còn mở app kiểm tra liên tục, giờ thì quen hơn. Xe điện kín đáy, không có ống xả nên cảm giác cũng yên tâm hơn so với xe xăng trước đây.

Dĩ nhiên mình vẫn né ngập sâu. Nhưng với mấy đoạn ngập nhẹ thì thấy ổn. Không biết mọi người dùng Evo lâu rồi, có ai từng gặp ngập nặng hơn không?",,2025-12-30T03:46:35.000Z,"First‑hand user experience of a VinFast Evo over a year describing real-world driving through flooded roads, vehicle behavior, and precautions — a hands-on review/evaluation.",Review,E-Motorbike
https://www.facebook.com/groups/mexevinfast/permalink/4088631021376335/,"Không biết mọi người sao chứ hồi chưa dùng xe điện, mình lo nhất vẫn là pin.

Kiểu cứ nghĩ “lỡ đang đi mà hết pin thì sao”, rồi sợ pin không bền. Thành ra bao năm vẫn chạy xe xăng.

Đợt rồi nhà mình đổi sang xe điện VinFast để đi làm với sinh hoạt trong thành phố. Lúc mới dùng mình để ý pin liên tục, nhưng dùng khoảng 2–3 tuần thì thấy mọi thứ khá ổn.

Mỗi ngày mình đi tầm hơn chục km, pin sạc đầy dùng được mấy ngày. Có hôm chạy nhiều thì sạc nhanh một chút là xong, không bị cảnh phải chờ đợi lâu.

Giờ mình không còn quá lo vụ pin nữa. Không biết trong group có ai vẫn đang kẹt ở nỗi lo này không, chia sẻ thử xem?",,2025-12-29T14:12:25.000Z,"First‑hand user experience of a VinFast electric vehicle describing battery concerns, daily range, charging behavior, and improved confidence after 2–3 weeks — a hands‑on review/evaluation.",Review,General EV
https://www.facebook.com/groups/mexevinfast/permalink/4088560431383394/,"Không biết trong group có ai đi làm giờ cao điểm bằng xe điện chưa? Mình mới chuyển sang VinFast Evo nên muốn hỏi thêm trải nghiệm của mọi người.

Mình đi làm qua mấy tuyến đông, trước đi xe xăng là xác định kẹt xe, mùi khói, tiếng máy nổ. Từ ngày đổi sang Evo, xe chạy êm, ga điện nhích nhẹ là đi, đứng chờ đèn đỏ cũng không phải giữ ga.

Tối về cắm sạc, sáng ra pin đầy, khỏi lo ghé cây xăng. Đi làm, đi chợ, cuối tuần chạy quanh nội thành cũng không phải để ý nhiều tới pin.

Giờ cao điểm vẫn đông, nhưng cảm giác đi xe điện thấy nhẹ đầu hơn trước. Không biết mọi người đi xe điện trong phố đông có cảm nhận giống mình không?",,2025-12-29T12:31:57.000Z,"Firsthand user experience of a VinFast Evo commuting in rush hour: compares to petrol, describes ride quality, charging routine, and perceived benefits. It's a user review/evaluation.",Review,E-Motorbike
https://www.facebook.com/groups/mexevinfast/permalink/4086173624955408/,Đổ đèo vf3 hơn 90km/h,,2025-12-26T16:19:18.000Z,"User reports an actual driving experience with a VinFast VF3 (descending a mountain at >90 km/h), which is a hands-on driving report.",Review,VF3
